"Query","Match","HMDB","PubChem","KEGG","SMILES","Comment"
"HMDB0000244","Riboflavin","HMDB0000244","493570","C00255","CC1=CC2=C(C=C1C)N(C3=NC(=O)NC(=O)C3=N2)C[C@@H]([C@@H]([C@@H](CO)O)O)O","1"
"HMDB0000446","N-Alpha-acetyllysine","HMDB0000446","192590","C12989","CC(=O)NC(CCCCN)C(=O)O","1"
"HMDB0000251","Taurine","HMDB0000251","1123","C00245","C(CS(=O)(=O)O)N","1"
"HMDB0002172","N1,N12-Diacetylspermine","HMDB0002172","132680","C03413","CC(=O)NCCCNCCCCNCCCNC(=O)C","1"
"HMDB0000893","Suberic acid","HMDB0000893","10457","C08278","C(CCCC(=O)O)CCC(=O)O","1"
"HMDB0000626","Deoxycholic acid","HMDB0000626","222528","C04483","C[C@H](CCC(=O)O)[C@H]1CC[C@@H]2[C@@]1([C@H](C[C@H]3[C@H]2CC[C@H]4[C@@]3(CC[C@H](C4)O)C)O)C","1"
"HMDB0000157","Hypoxanthine","HMDB0000157","790","C00262","C1=NC2=C(N1)C(=O)N=CN2","1"
"HMDB0000752","Methylglutaric acid","HMDB0000752","12284",NA,"CC(CC(=O)O)CC(=O)O","1"
"HMDB0000448","Adipic acid","HMDB0000448","196","C06104","C(CCC(=O)O)CC(=O)O","1"
"HMDB0000929","L-Tryptophan","HMDB0000929","6305","C00078","C1=CC=C2C(=C1)C(=CN2)C[C@@H](C(=O)O)N","1"
"HMDB0000500","4-Hydroxybenzoic acid","HMDB0000500","135","C00156","C1=CC(=CC=C1C(=O)O)O","1"
"HMDB0000422","2-Methylglutaric acid","HMDB0000422","12046",NA,"CC(CCC(=O)O)C(=O)O","1"
"HMDB0003331","1-Methyladenosine","HMDB0003331","27476","C02494","CN1C=NC2=C(C1=N)N=CN2[C@H]3[C@@H]([C@@H]([C@H](O3)CO)O)O","1"
"HMDB0000159","L-Phenylalanine","HMDB0000159","6140","C00079","C1=CC=C(C=C1)C[C@@H](C(=O)O)N","1"
"HMDB0000254","Succinic acid","HMDB0000254","1110","C00042","C(CC(=O)O)C(=O)O","1"
"HMDB0001138","N-Acetylglutamic acid","HMDB0001138","185","C00624","CC(=O)NC(CCC(=O)O)C(=O)O","1"
"HMDB0000661","Glutaric acid","HMDB0000661","743","C00489","C(CC(=O)O)CC(=O)O","1"
"HMDB0000631","Deoxycholic acid glycine conjugate","HMDB0000631","3035026","C05464","C[C@H](CCC(=O)NCC(=O)O)[C@H]1CCC2[C@@]1([C@H](CC3C2CC[C@H]4[C@@]3(CC[C@H](C4)O)C)O)C","1"
"HMDB0000784","Azelaic acid","HMDB0000784","2266","C08261","C(CCCC(=O)O)CCCC(=O)O","1"
"HMDB0004620","N-a-Acetyl-L-arginine","HMDB0004620","67427",NA,"CC(=O)N[C@@H](CCCN=C(N)N)C(=O)O","1"
"HMDB0000678","Isovalerylglycine","HMDB0000678","546304",NA,"CC(C)CC(=O)NCC(=O)O","1"
"HMDB0001032","Dehydroepiandrosterone sulfate","HMDB0001032","12594","C04555","C[C@]12CC[C@H]3[C@H]([C@@H]1CCC2=O)CC=C4[C@@]3(CC[C@@H](C4)OS(=O)(=O)O)C","1"
"HMDB0011103","1,7-Dimethyluric acid","HMDB0011103","91611","C16356","CN1C2=C(NC1=O)NC(=O)N(C2=O)C","1"
"HMDB0000708","Glycoursodeoxycholic acid","HMDB0000708","12310288",NA,"C[C@H](CCC(=O)NCC(=O)O)[C@H]1CC[C@@H]2[C@@]1(CC[C@H]3[C@H]2[C@H](C[C@H]4[C@@]3(CC[C@H](C4)O)C)O)C","1"
"HMDB0002123","1,3,7-Trimethyluric acid","HMDB0002123","79437","C16361","CN1C2=C(NC1=O)N(C(=O)N(C2=O)C)C","1"
"HMDB0003334","Symmetric dimethylarginine","HMDB0003334","169148",NA,"CNC(=NC)NCCC[C@@H](C(=O)O)N","1"
"HMDB0013677","3,5-Dihydroxybenzoic acid","HMDB0013677","7424","C00180","C1=C(C=C(C=C1O)O)C(=O)O","1"
"HMDB0028942","Leucyl-Valine","HMDB0028942","6993116",NA,"CC(C)CC(N)C(=O)NC(C(C)C)C(O)=O","1"
"HMDB0001844","Methylsuccinic acid","HMDB0001844","10349","C08645","CC(CC(=O)O)C(=O)O","1"
"HMDB0244966","NA","NA","NA","NA","NA","0"
"HMDB0255727","NA","NA","NA","NA","NA","0"
"HMDB0000730","Isobutyrylglycine","HMDB0000730","10855600",NA,"CC(C)C(=O)NCC(=O)O","1"
"HMDB0005807","Gallic acid","HMDB0005807","370","C01424","C1=C(C=C(C(=C1O)O)O)C(=O)O","1"
"HMDB0000687","L-Leucine","HMDB0000687","6106","C00123","CC(C)C[C@@H](C(=O)O)N","1"
"HMDB0000881","Xanthurenic acid","HMDB0000881","5699","C02470","C1=CC2=C(C(=C1)O)NC(=CC2=O)C(=O)O","1"
"HMDB0000956","Tartaric acid","HMDB0000956","444305","C00898","O[C@H]([C@@H](O)C(O)=O)C(O)=O","1"
"HMDB0000729","Alpha-Hydroxyisobutyric acid","HMDB0000729","11671",NA,"CC(C)(C(=O)O)O","1"
"HMDB0062640","3-hydroxy-2-isobutyrate","HMDB0062640","87","C01188","CC(CO)C(O)=O","1"
"HMDB0001991","7-Methylxanthine","HMDB0001991","68374","C16353","CN1C=NC2=C1C(=O)NC(=O)N2","1"
"HMDB0061384","NA","NA","NA","NA","NA","0"
"HMDB0013713","N-acetyltryptophan","HMDB0013713","700653",NA,"[H][C@@](CC1=CNC2=CC=CC=C12)(N=C(C)O)C(O)=O","1"
"HMDB0000152","Gentisic acid","HMDB0000152","3469","C00628","C1=CC(=C(C=C1O)C(=O)O)O","1"
"HMDB0000301","Urocanic acid","HMDB0000301","736715","C00785","C1=C(NC=N1)/C=C/C(=O)O","1"
"HMDB0001847","Caffeine","HMDB0001847","2519","C07481","CN1C=NC2=C1C(=O)N(C(=O)N2C)C","1"
"HMDB0000822","p-Hydroxymandelic acid","HMDB0000822","7721","C11527","C1=CC(=CC=C1C(C(=O)O)O)O","1"
"HMDB0001406","Niacinamide","HMDB0001406","936","C00153","C1=CC(=CN=C1)C(=O)N","1"
"HMDB0012275","Phenylethylamine","HMDB0012275","1001","C05332","C1=CC=C(C=C1)CCN","1"
"HMDB0000226","Orotic acid","HMDB0000226","967","C00295","C1=C(NC(=O)NC1=O)C(=O)O","1"
"HMDB0006029","N-Acetylglutamine","HMDB0006029","25561",NA,"CC(=O)NC(CCC(=O)N)C(=O)O","1"
"HMDB0001325","N6,N6,N6-Trimethyl-L-lysine","HMDB0001325","440120","C03793","C[N+](C)(C)CCCC[C@@H](C(=O)[O-])N","1"
"HMDB0000235","Thiamine","HMDB0000235","1130","C00378","CC1=C(SC=[N+]1CC2=CN=C(N=C2N)C)CCO","1"
"HMDB0013676","2,6-Dihydroxybenzoic acid","HMDB0013676","9338","C21298","C1=CC(=C(C(=C1)O)C(=O)O)O","1"
"HMDB0000721","Glycylproline","HMDB0000721","79101",NA,"C1CC(N(C1)C(=O)CN)C(=O)O","1"
"HMDB0000641","L-Glutamine","HMDB0000641","5961","C00064","C(CC(=O)N)[C@@H](C(=O)O)N","1"
"HMDB0000158","L-Tyrosine","HMDB0000158","6057","C00082","C1=CC(=CC=C1C[C@@H](C(=O)O)N)O","1"
"HMDB0000355","3-Hydroxymethylglutaric acid","HMDB0000355","1662","C03761","CC(CC(=O)O)(CC(=O)O)O","1"
